"日期","收市","開市","高","低","升跌（%）"
"2024-4-12","1.415","1.415","1.415","1.415","0.00%"
"2024-4-11","1.415","1.405","1.415","1.405","0.71%"
"2024-4-10","1.405","1.405","1.405","1.405","0.00%"
"2024-4-9","1.405","1.385","1.405","1.385","1.44%"
"2024-4-8","1.385","1.385","1.385","1.385","1.47%"
"2024-4-5","1.365","1.365","1.365","1.365","0.00%"
"2024-4-4","1.365","1.365","1.365","1.365","0.00%"
"2024-4-3","1.365","1.355","1.365","1.355","0.74%"
"2024-4-2","1.355","1.335","1.355","1.335","1.50%"
"2024-4-1","1.335","1.335","1.335","1.335","-0.74%"
"2024-3-29","1.345","1.355","1.355","1.345","-0.74%"
"2024-3-28","1.355","1.355","1.355","1.355","0.00%"
"2024-3-27","1.355","1.345","1.355","1.345","0.74%"
"2024-3-26","1.345","1.305","1.345","1.305","3.07%"
"2024-3-25","1.305","1.275","1.305","1.275","6.10%"
"2024-3-22","1.230","1.340","1.340","1.230","0.16%"
"2024-3-21","1.228","1.225","1.228","1.225","0.24%"
"2024-3-20","1.225","1.220","1.225","1.220","0.41%"
"2024-3-19","1.220","1.220","1.220","1.220","1.29%"
"2024-3-18","1.204","1.204","1.204","1.204","-0.04%"
"2024-3-15","1.205","1.180","1.205","1.180","2.12%"
"2024-3-14","1.180","1.165","1.180","1.165","1.29%"
"2024-3-13","1.165","1.165","1.165","1.165","-2.51%"
"2024-3-12","1.195","1.150","1.195","1.150","3.91%"
"2024-3-11","1.150","1.150","1.150","1.150","0.00%"
"2024-3-8","1.150","1.146","1.150","1.146","0.35%"
"2024-3-7","1.146","1.146","1.146","1.146","-0.35%"
"2024-3-6","1.150","1.159","1.159","1.150","-0.78%"
"2024-3-5","1.159","1.147","1.159","1.147","1.05%"
"2024-3-4","1.147","1.147","1.147","1.147","-0.35%"
"2024-3-1","1.151","1.150","1.151","1.150","0.09%"
"2024-2-29","1.150","1.152","1.152","1.150","-0.17%"
"2024-2-28","1.152","1.152","1.152","1.152","0.00%"
"2024-2-27","1.152","1.152","1.152","1.152","-0.09%"
"2024-2-26","1.153","1.164","1.164","1.153","-0.95%"
"2024-2-23","1.164","1.160","1.164","1.160","0.34%"
"2024-2-22","1.160","1.160","1.160","1.160","0.61%"
"2024-2-21","1.153","1.153","1.153","1.153","-1.45%"
"2024-2-20","1.170","1.169","1.170","1.169","0.09%"
"2024-2-19","1.169","1.169","1.169","1.169","-0.09%"
"2024-2-16","1.170","1.185","1.185","1.170","-1.27%"
"2024-2-15","1.185","1.185","1.185","1.185","-0.34%"
"2024-2-14","1.189","1.189","1.189","1.189","0.00%"
"2024-2-13","1.189","1.189","1.189","1.189","0.00%"
"2024-2-12","1.189","1.189","1.189","1.189","0.00%"
"2024-2-9","1.189","1.189","1.189","1.189","0.00%"
"2024-2-8","1.189","1.189","1.189","1.189","0.00%"
"2024-2-7","1.189","1.189","1.189","1.189","0.00%"
"2024-2-6","1.189","1.189","1.189","1.189","0.00%"
"2024-2-5","1.189","1.189","1.189","1.189","3.84%"
"2024-2-2","1.145","1.145","1.145","1.145","0.17%"
"2024-2-1","1.143","1.143","1.143","1.143","-0.87%"
"2024-1-31","1.153","1.153","1.153","1.153","-0.60%"
"2024-1-30","1.160","1.175","1.175","1.160","-1.28%"
"2024-1-29","1.175","1.165","1.175","1.165","0.86%"
"2024-1-26","1.165","1.165","1.165","1.165","0.43%"
"2024-1-25","1.160","1.160","1.160","1.160","-0.26%"
"2024-1-24","1.163","1.165","1.165","1.163","-0.17%"
"2024-1-23","1.165","1.165","1.165","1.165","0.00%"
"2024-1-22","1.165","1.165","1.165","1.165","-0.85%"
"2024-1-19","1.175","1.175","1.175","1.175","1.73%"
"2024-1-18","1.155","1.155","1.155","1.155","0.00%"
"2024-1-17","1.155","1.155","1.155","1.155","-3.35%"
"2024-1-16","1.195","1.155","1.195","1.155","3.46%"
"2024-1-15","1.155","1.160","1.160","1.155","-0.43%"
"2024-1-12","1.160","1.165","1.165","1.160","-0.43%"
"2024-1-11","1.165","1.205","1.205","1.165","-3.32%"
"2024-1-10","1.205","1.165","1.205","1.165","3.43%"
"2024-1-9","1.165","1.165","1.165","1.165","0.00%"
"2024-1-8","1.165","1.175","1.175","1.165","-0.85%"
"2024-1-5","1.175","1.155","1.175","1.155","1.73%"
"2024-1-4","1.155","1.155","1.155","1.155","0.87%"
"2024-1-3","1.145","1.145","1.145","1.145","0.00%"
"2024-1-2","1.145","1.130","1.145","1.130","1.33%"
"2024-1-1","1.130","1.130","1.130","1.130","0.00%"
"2023-12-29","1.130","1.130","1.130","1.130","0.00%"
"2023-12-28","1.130","1.130","1.130","1.130","0.00%"
"2023-12-27","1.130","1.130","1.130","1.130","0.00%"
"2023-12-26","1.130","1.153","1.153","1.130","-1.99%"
"2023-12-25","1.153","1.153","1.153","1.153","0.00%"
"2023-12-22","1.153","1.150","1.153","1.150","0.26%"
"2023-12-21","1.150","1.170","1.170","1.150","-1.71%"
"2023-12-20","1.170","1.150","1.170","1.150","1.74%"
"2023-12-19","1.150","1.140","1.150","1.140","0.88%"
"2023-12-18","1.140","1.130","1.140","1.130","0.88%"
"2023-12-15","1.130","1.130","1.130","1.130","0.00%"
"2023-12-14","1.130","1.130","1.130","1.130","-3.00%"
"2023-12-13","1.165","1.175","1.175","1.165","-0.85%"
"2023-12-12","1.175","1.180","1.180","1.175","-0.42%"
"2023-12-11","1.180","1.180","1.180","1.180","1.29%"
"2023-12-8","1.165","1.160","1.165","1.160","0.43%"
"2023-12-7","1.160","1.160","1.160","1.160","-0.43%"
"2023-12-6","1.165","1.195","1.195","1.165","-2.51%"
"2023-12-5","1.195","1.165","1.195","1.165","2.58%"
"2023-12-4","1.165","1.165","1.165","1.165","-1.27%"
"2023-12-1","1.180","1.180","1.180","1.180","2.16%"
"2023-11-30","1.155","1.155","1.155","1.155","-1.70%"
"2023-11-29","1.175","1.170","1.175","1.170","0.43%"
"2023-11-28","1.170","1.205","1.205","1.170","-2.90%"
"2023-11-27","1.205","1.205","1.205","1.205","-0.82%"
"2023-11-24","1.215","1.205","1.215","1.205","0.83%"
"2023-11-23","1.205","1.205","1.205","1.205","0.84%"
"2023-11-22","1.195","1.205","1.205","1.195","-0.83%"
"2023-11-21","1.205","1.225","1.225","1.205","-1.63%"
"2023-11-20","1.225","1.215","1.225","1.215","0.82%"
"2023-11-17","1.215","1.215","1.215","1.215","1.67%"
"2023-11-16","1.195","1.195","1.195","1.195","2.58%"
"2023-11-15","1.165","1.215","1.215","1.165","-4.12%"
"2023-11-14","1.215","1.202","1.215","1.202","1.08%"
"2023-11-13","1.202","1.202","1.202","1.202","0.59%"
"2023-11-10","1.195","1.165","1.195","1.165","2.58%"
"2023-11-9","1.165","1.165","1.165","1.165","0.00%"
"2023-11-8","1.165","1.165","1.165","1.165","0.00%"
"2023-11-7","1.165","1.155","1.165","1.155","0.87%"
"2023-11-6","1.155","1.205","1.205","1.155","-4.15%"
"2023-11-3","1.205","1.170","1.205","1.170","2.99%"
"2023-11-2","1.170","1.205","1.205","1.170","-2.90%"
"2023-11-1","1.205","1.220","1.220","1.205","-1.23%"
"2023-10-31","1.220","1.225","1.225","1.220","-0.41%"
"2023-10-30","1.225","1.225","1.225","1.225","0.82%"
"2023-10-27","1.215","1.225","1.225","1.215","-0.82%"
"2023-10-26","1.225","1.225","1.225","1.225","0.00%"
"2023-10-25","1.225","1.225","1.225","1.225","0.00%"
"2023-10-24","1.225","1.224","1.225","1.224","0.08%"
"2023-10-23","1.224","1.210","1.224","1.210","1.16%"
"2023-10-20","1.210","1.219","1.219","1.210","-0.74%"
"2023-10-19","1.219","1.204","1.219","1.204","1.25%"
"2023-10-18","1.204","1.198","1.204","1.198","0.50%"
"2023-10-17","1.198","1.213","1.213","1.198","-1.24%"
"2023-10-16","1.213","1.213","1.213","1.213","-0.08%"
"2023-10-13","1.214","1.214","1.214","1.214","0.75%"
"2023-10-12","1.205","1.225","1.225","1.205","-1.63%"
"2023-10-11","1.225","1.225","1.225","1.225","0.82%"
"2023-10-10","1.215","1.215","1.215","1.215","0.00%"
"2023-10-9","1.215","1.215","1.215","1.215","0.00%"
"2023-10-6","1.215","1.195","1.215","1.195","1.67%"
"2023-10-5","1.195","1.205","1.205","1.195","-0.83%"
"2023-10-4","1.205","1.175","1.205","1.175","2.55%"
"2023-10-3","1.175","1.165","1.175","1.165","0.86%"
"2023-10-2","1.165","1.150","1.165","1.150","1.30%"
"2023-9-29","1.150","1.150","1.150","1.150","0.00%"
"2023-9-28","1.150","1.140","1.150","1.140","0.88%"
"2023-9-27","1.140","1.140","1.140","1.140","0.88%"
"2023-9-26","1.130","1.141","1.141","1.130","-0.96%"
"2023-9-25","1.141","1.141","1.141","1.141","-0.17%"
"2023-9-22","1.143","1.143","1.143","1.143","0.00%"
"2023-9-21","1.143","1.135","1.143","1.135","0.66%"
"2023-9-20","1.135","1.115","1.135","1.115","1.79%"
"2023-9-19","1.115","1.145","1.145","1.115","-2.62%"
"2023-9-18","1.145","1.125","1.145","1.125","1.78%"
"2023-9-15","1.125","1.117","1.125","1.117","0.76%"
"2023-9-14","1.117","1.126","1.126","1.117","-0.84%"
"2023-9-13","1.126","1.125","1.126","1.125","0.09%"
"2023-9-12","1.125","1.089","1.125","1.089","3.26%"
"2023-9-11","1.089","1.085","1.089","1.085","0.41%"
"2023-9-8","1.085","1.092","1.092","1.085","-0.64%"
"2023-9-7","1.092","1.089","1.092","1.089","0.23%"
"2023-9-6","1.089","1.086","1.089","1.086","0.60%"
"2023-9-4","1.083","1.080","1.083","1.080","0.28%"
"2023-9-1","1.080","1.075","1.080","1.075","0.47%"
"2023-8-31","1.075","1.095","1.095","1.075","-1.83%"
"2023-8-30","1.095","1.098","1.098","1.095","-0.27%"
"2023-8-29","1.098","1.098","1.098","1.098","0.00%"
"2023-8-28","1.098","1.098","1.098","1.098","0.37%"
"2023-8-25","1.094","1.088","1.094","1.088","0.55%"
"2023-8-24","1.088","1.097","1.097","1.088","-0.82%"
"2023-8-23","1.097","1.103","1.103","1.097","-0.54%"
"2023-8-22","1.103","1.087","1.103","1.087","1.43%"
"2023-8-21","1.087","1.074","1.087","1.074","1.26%"
"2023-8-18","1.074","1.080","1.080","1.074","-0.56%"
"2023-8-17","1.080","1.070","1.080","1.070","0.93%"
"2023-8-16","1.070","1.070","1.070","1.070","0.00%"
"2023-8-15","1.070","1.105","1.105","1.070","-3.17%"
"2023-8-14","1.105","1.070","1.105","1.070","3.27%"
"2023-8-11","1.070","1.070","1.070","1.070","0.19%"
"2023-8-10","1.068","1.068","1.068","1.068","0.00%"
"2023-8-9","1.068","1.070","1.070","1.068","-0.19%"
"2023-8-8","1.070","1.066","1.070","1.066","0.33%"
"2023-8-7","1.066","1.085","1.085","1.066","-1.71%"
"2023-8-4","1.085","1.085","1.085","1.085","0.00%"
"2023-8-3","1.085","1.085","1.085","1.085","-1.81%"
"2023-8-2","1.105","1.105","1.105","1.105","0.00%"
"2023-8-1","1.105","1.105","1.105","1.105","0.00%"
"2023-7-31","1.105","1.095","1.105","1.095","0.91%"
"2023-7-28","1.095","1.065","1.095","1.065","2.82%"
"2023-7-27","1.065","1.063","1.065","1.063","0.19%"
"2023-7-26","1.063","1.060","1.063","1.060","0.28%"
"2023-7-25","1.060","1.060","1.060","1.060","0.00%"
"2023-7-24","1.060","1.060","1.060","1.060","-3.20%"
"2023-7-21","1.095","1.095","1.095","1.095","1.86%"
"2023-7-20","1.075","1.075","1.075","1.075","1.32%"
"2023-7-19","1.061","1.075","1.075","1.061","-1.30%"
"2023-7-18","1.075","1.075","1.075","1.075","0.00%"
"2023-7-17","1.075","1.075","1.075","1.075","0.00%"
"2023-7-14","1.075","1.075","1.075","1.075","0.00%"
"2023-7-13","1.075","1.075","1.075","1.075","0.00%"
"2023-7-12","1.075","1.075","1.075","1.075","0.00%"
"2023-7-11","1.075","1.075","1.075","1.075","0.00%"
"2023-7-10","1.075","1.075","1.075","1.075","0.00%"
"2023-7-7","1.075","1.075","1.075","1.075","0.00%"
"2023-7-6","1.075","1.075","1.075","1.075","0.00%"
"2023-7-5","1.075","1.115","1.115","1.075","-3.59%"
"2023-7-4","1.115","1.095","1.115","1.095","1.83%"
"2023-7-3","1.095","1.125","1.125","1.095","-2.67%"
"2023-6-30","1.125","1.105","1.125","1.105","1.81%"
"2023-6-29","1.105","1.105","1.105","1.105","0.00%"
"2023-6-28","1.105","1.105","1.105","1.105","0.00%"
"2023-6-27","1.105","1.105","1.105","1.105","0.00%"
"2023-6-26","1.105","1.050","1.105","1.050","5.24%"
"2023-6-23","1.050","1.050","1.050","1.050","0.00%"
"2023-6-22","1.050","1.050","1.050","1.050","0.00%"
"2023-6-21","1.050","1.100","1.100","1.050","-4.55%"
"2023-6-20","1.100","1.099","1.100","1.099","0.09%"
"2023-6-19","1.099","1.085","1.099","1.085","1.29%"
"2023-6-16","1.085","1.085","1.085","1.085","-1.36%"
"2023-6-15","1.100","1.100","1.100","1.100","0.00%"
"2023-6-14","1.100","1.095","1.100","1.095","0.46%"
"2023-6-13","1.095","1.100","1.100","1.095","-0.45%"
"2023-6-12","1.100","1.100","1.100","1.100","2.33%"
"2023-6-9","1.075","1.100","1.100","1.075","-2.27%"
"2023-6-8","1.100","1.075","1.100","1.075","2.33%"
"2023-6-7","1.075","1.095","1.095","1.075","-1.83%"
"2023-6-6","1.095","1.090","1.095","1.090","0.46%"
"2023-6-5","1.090","1.090","1.090","1.090","1.40%"
"2023-6-2","1.075","1.075","1.075","1.075","0.00%"
"2023-6-1","1.075","1.084","1.084","1.075","-0.88%"
"2023-5-31","1.084","1.085","1.085","1.084","-0.05%"
"2023-5-30","1.085","1.075","1.085","1.075","0.93%"
"2023-5-29","1.075","1.060","1.075","1.060","1.42%"
"2023-5-26","1.060","1.055","1.060","1.055","0.47%"
"2023-5-25","1.055","1.059","1.059","1.055","-0.38%"
"2023-5-24","1.059","1.059","1.059","1.059","0.00%"
"2023-5-23","1.059","1.055","1.059","1.055","0.43%"
"2023-5-22","1.055","1.055","1.055","1.055","-0.24%"
"2023-5-19","1.058","1.055","1.058","1.055","0.24%"
"2023-5-18","1.055","1.059","1.059","1.055","-0.38%"
"2023-5-17","1.059","1.061","1.061","1.059","-0.19%"
"2023-5-16","1.061","1.061","1.061","1.061","1.34%"
"2023-5-15","1.047","1.047","1.047","1.047","0.00%"
"2023-5-12","1.047","1.053","1.053","1.047","-0.57%"
"2023-5-11","1.053","1.054","1.054","1.053","-0.09%"
"2023-5-10","1.054","1.055","1.055","1.054","-0.09%"
"2023-5-9","1.055","1.065","1.065","1.055","-0.94%"
"2023-5-8","1.065","1.065","1.065","1.065","1.43%"
"2023-5-5","1.050","1.065","1.065","1.050","-1.41%"
"2023-5-4","1.065","1.095","1.095","1.065","-2.74%"
"2023-5-3","1.095","1.115","1.115","1.095","-1.79%"
"2023-5-2","1.115","1.100","1.115","1.100","1.36%"
"2023-5-1","1.100","1.100","1.100","1.100","0.00%"
"2023-4-28","1.100","1.095","1.100","1.095","0.46%"
"2023-4-27","1.095","1.095","1.095","1.095","0.00%"
"2023-4-26","1.095","1.115","1.115","1.095","-1.79%"
"2023-4-25","1.115","1.135","1.135","1.115","-1.76%"
"2023-4-24","1.135","1.135","1.135","1.135","3.18%"
"2023-4-21","1.100","1.108","1.108","1.100","-0.72%"
"2023-4-20","1.108","1.108","1.108","1.108","-1.34%"
"2023-4-19","1.123","1.135","1.135","1.123","-1.06%"
"2023-4-18","1.135","1.120","1.135","1.120","1.34%"
"2023-4-17","1.120","1.120","1.120","1.120","-0.44%"
"2023-4-14","1.125","1.125","1.125","1.125","0.00%"
"2023-4-13","1.125","1.130","1.130","1.125","-0.44%"
"2023-4-12","1.130","1.124","1.130","1.124","0.53%"
"2023-4-11","1.124","1.117","1.124","1.117","0.63%"
"2023-4-10","1.117","1.117","1.117","1.117","1.09%"
"2023-4-7","1.105","1.097","1.105","1.097","0.78%"
"2023-4-6","1.097","1.128","1.128","1.097","-2.75%"
"2023-4-5","1.128","1.128","1.128","1.128","0.00%"
"2023-4-4","1.128","1.128","1.128","1.128","0.00%"
"2023-4-3","1.128","1.128","1.128","1.128","0.00%"
"2023-3-31","1.128","1.120","1.128","1.120","0.67%"
"2023-3-30","1.120","1.109","1.120","1.109","0.99%"
"2023-3-29","1.109","1.109","1.109","1.109","0.00%"
"2023-3-28","1.109","1.109","1.109","1.109","0.00%"
"2023-3-27","1.109","1.109","1.109","1.109","5.12%"
"2023-3-24","1.055","1.052","1.055","1.052","0.29%"
"2023-3-23","1.052","1.075","1.075","1.052","-2.14%"
"2023-3-22","1.075","1.075","1.075","1.075","0.00%"
"2023-3-21","1.075","1.050","1.075","1.050","2.38%"
"2023-3-20","1.050","1.050","1.050","1.050","-1.32%"
"2023-3-17","1.064","1.054","1.064","1.054","0.90%"
"2023-3-16","1.054","1.070","1.070","1.054","-1.45%"
"2023-3-15","1.070","1.050","1.070","1.050","1.90%"
"2023-3-14","1.050","1.055","1.055","1.050","-0.47%"
"2023-3-13","1.055","1.055","1.055","1.055","-6.22%"
"2023-3-10","1.125","1.124","1.125","1.124","0.09%"
"2023-3-9","1.124","1.132","1.132","1.124","-0.71%"
"2023-3-8","1.132","1.128","1.132","1.128","0.35%"
"2023-3-7","1.128","1.129","1.129","1.128","-0.09%"
"2023-3-6","1.129","1.155","1.155","1.129","-2.25%"
"2023-3-3","1.155","1.140","1.155","1.140","1.32%"
"2023-3-2","1.140","1.115","1.140","1.115","2.24%"
"2023-3-1","1.115","1.110","1.115","1.110","0.45%"
"2023-2-28","1.110","1.110","1.110","1.110","0.00%"
"2023-2-27","1.110","1.110","1.110","1.110","0.00%"
"2023-2-24","1.110","1.120","1.120","1.110","-0.89%"
"2023-2-23","1.120","1.130","1.130","1.120","-0.88%"
"2023-2-22","1.130","1.117","1.130","1.117","1.12%"
"2023-2-21","1.117","1.140","1.140","1.117","-1.97%"
"2023-2-20","1.140","1.145","1.145","1.140","-0.44%"
"2023-2-17","1.145","1.128","1.145","1.128","1.55%"
"2023-2-16","1.128","1.095","1.128","1.095","2.97%"
"2023-2-15","1.095","1.075","1.095","1.075","1.86%"
"2023-2-14","1.075","1.110","1.110","1.075","-3.15%"
"2023-2-13","1.110","1.110","1.110","1.110","6.02%"
"2023-2-10","1.047","1.050","1.050","1.047","-0.29%"
"2023-2-9","1.050","1.050","1.050","1.050","0.00%"
"2023-2-8","1.050","1.055","1.055","1.050","-0.47%"
"2023-2-7","1.055","1.050","1.055","1.050","0.48%"
"2023-2-6","1.050","1.030","1.050","1.030","1.94%"
"2023-2-3","1.030","1.015","1.030","1.015","1.48%"
"2023-2-2","1.015","1.062","1.062","1.015","-4.43%"
"2023-2-1","1.062","1.065","1.065","1.062","-0.28%"
"2023-1-31","1.065","1.075","1.075","1.065","-0.93%"
"2023-1-30","1.075","1.058","1.075","1.058","1.65%"
"2023-1-27","1.058","1.058","1.058","1.058","0.00%"
"2023-1-26","1.058","1.058","1.058","1.058","0.00%"
"2023-1-25","1.058","1.058","1.058","1.058","0.00%"
"2023-1-24","1.058","1.058","1.058","1.058","0.00%"
"2023-1-23","1.058","1.058","1.058","1.058","0.00%"
"2023-1-20","1.058","1.058","1.058","1.058","0.00%"
"2023-1-19","1.058","1.058","1.058","1.058","0.00%"
"2023-1-18","1.058","1.058","1.058","1.058","0.00%"
"2023-1-17","1.058","1.061","1.061","1.058","-0.38%"
"2023-1-16","1.061","1.061","1.061","1.061","0.90%"
"2023-1-13","1.052","1.065","1.065","1.052","-1.22%"
"2023-1-12","1.065","1.050","1.065","1.050","1.43%"
"2023-1-11","1.050","1.048","1.050","1.048","0.14%"
"2023-1-10","1.048","1.025","1.048","1.025","2.29%"
"2023-1-9","1.025","1.095","1.095","1.025","-6.39%"
"2023-1-6","1.095","1.155","1.155","1.095","-5.19%"
"2023-1-5","1.155","1.230","1.230","1.155","-6.10%"
"2023-1-4","1.230","1.230","1.230","1.230","0.00%"
"2023-1-3","1.230","1.230","1.230","1.230","0.00%"
"2023-1-2","1.230","1.230","1.230","1.230","0.00%"
"2022-12-30","1.230","1.230","1.230","1.230","0.00%"
"2022-12-29","1.230","1.230","1.230","1.230","0.00%"
"2022-12-28","1.230","1.200","1.230","1.200","2.50%"
"2022-12-27","1.200","1.080","1.200","1.080","11.11%"
"2022-12-26","1.080","1.080","1.080","1.080","0.00%"
"2022-12-23","1.080","1.105","1.169","1.080","-2.26%"
"2022-12-22","1.105","1.075","1.105","1.075","2.79%"
"2022-12-21","1.075","1.105","1.105","1.075","-2.71%"
"2022-12-20","1.105","1.075","1.105","1.075","2.79%"
"2022-12-19","1.075","1.075","1.075","1.075","0.94%"
"2022-12-16","1.065","1.115","1.115","1.065","-4.48%"
"2022-12-15","1.115","1.115","1.115","1.115","0.00%"
"2022-12-14","1.115","1.125","1.125","1.115","-0.89%"
"2022-12-13","1.125","1.165","1.165","1.125","-3.43%"
"2022-12-12","1.165","1.125","1.165","1.125","3.56%"
"2022-12-9","1.125","1.125","1.125","1.125","0.00%"
"2022-12-8","1.125","1.125","1.125","1.125","1.81%"
"2022-12-7","1.105","1.140","1.140","1.105","-3.07%"
"2022-12-6","1.140","1.145","1.145","1.140","-0.44%"
"2022-12-5","1.145","1.145","1.145","1.145","3.62%"
"2022-12-2","1.105","1.105","1.105","1.105","-6.36%"
"2022-12-1","1.180","1.264","1.264","1.180","-6.65%"
"2022-11-30","1.264","1.258","1.264","1.258","0.52%"
"2022-11-29","1.258","1.260","1.260","1.258","-0.20%"
"2022-11-28","1.260","1.283","1.283","1.260","-1.79%"
"2022-11-25","1.283","1.325","1.325","1.283","-3.17%"
"2022-11-24","1.325","1.325","1.325","1.325","0.00%"
"2022-11-23","1.325","1.365","1.365","1.325","-2.93%"
"2022-11-22","1.365","1.385","1.385","1.365","-1.44%"
"2022-11-21","1.385","1.385","1.385","1.385","-2.81%"
"2022-11-18","1.425","1.425","1.425","1.425","0.35%"
"2022-11-17","1.420","1.420","1.420","1.420","-7.49%"
"2022-11-16","1.535","1.535","1.535","1.535","0.00%"
"2022-11-15","1.535","1.535","1.535","1.535","0.00%"
"2022-11-14","1.535","1.535","1.535","1.535","0.00%"
"2022-11-11","1.535","1.535","1.535","1.535","0.00%"
"2022-11-10","1.535","1.535","1.535","1.535","0.00%"
"2022-11-9","1.535","1.535","1.535","1.535","0.00%"
"2022-11-8","1.535","1.535","1.535","1.535","0.00%"
"2022-11-7","1.535","1.535","1.535","1.535","0.00%"
"2022-11-4","1.535","1.535","1.535","1.535","-2.54%"
"2022-11-3","1.575","1.575","1.575","1.575","1.29%"
"2022-11-2","1.555","1.565","1.565","1.555","-0.64%"
"2022-11-1","1.565","1.535","1.565","1.535","1.95%"
"2022-10-31","1.535","1.535","1.535","1.535","-0.65%"
"2022-10-28","1.545","1.625","1.625","1.545","-4.92%"
"2022-10-27","1.625","1.663","1.663","1.625","-2.29%"
"2022-10-26","1.663","1.680","1.680","1.663","-1.01%"
"2022-10-25","1.680","1.685","1.685","1.680","-0.30%"
"2022-10-24","1.685","1.685","1.685","1.685","2.43%"
"2022-10-21","1.645","1.645","1.645","1.645","4.44%"
"2022-10-20","1.575","1.575","1.575","1.575","0.00%"
"2022-10-19","1.575","1.575","1.575","1.575","0.00%"
"2022-10-18","1.575","1.575","1.575","1.575","0.00%"
"2022-10-17","1.575","1.575","1.575","1.575","0.00%"
"2022-10-14","1.575","1.575","1.575","1.575","0.00%"
"2022-10-13","1.575","1.575","1.575","1.575","0.00%"
"2022-10-12","1.575","1.575","1.575","1.575","0.00%"
"2022-10-11","1.575","1.565","1.575","1.565","0.64%"
"2022-10-10","1.565","1.565","1.565","1.565","0.00%"
"2022-10-7","1.565","1.565","1.565","1.565","0.64%"
"2022-10-6","1.555","1.555","1.555","1.555","-0.64%"
"2022-10-5","1.565","1.575","1.575","1.565","-0.63%"
"2022-10-4","1.575","1.575","1.575","1.575","0.00%"
"2022-10-3","1.575","1.575","1.575","1.575","-0.63%"
"2022-9-30","1.585","1.585","1.585","1.585","3.26%"
"2022-9-29","1.535","1.535","1.535","1.535","1.32%"
"2022-9-28","1.515","1.505","1.515","1.505","0.66%"
"2022-9-27","1.505","1.305","1.505","1.305","15.33%"
"2022-9-26","1.305","1.315","1.315","1.305","-0.76%"
"2022-9-23","1.315","1.315","1.315","1.315","0.00%"
"2022-9-22","1.315","1.275","1.315","1.275","3.14%"
"2022-9-21","1.275","1.275","1.275","1.275","1.59%"
"2022-9-20","1.255","1.285","1.285","1.255","-2.33%"
"2022-9-19","1.285","1.285","1.285","1.285","0.78%"
"2022-9-16","1.275","1.255","1.275","1.255","1.59%"
"2022-9-15","1.255","1.225","1.255","1.225","2.45%"
"2022-9-14","1.225","1.215","1.225","1.215","0.82%"
"2022-9-13","1.215","1.195","1.215","1.195","1.67%"
"2022-9-12","1.195","1.195","1.195","1.195","2.58%"
"2022-9-9","1.165","1.165","1.165","1.165","0.00%"
"2022-9-8","1.165","1.165","1.165","1.165","-4.90%"
"2022-9-7","1.225","1.225","1.225","1.225","1.66%"
"2022-9-6","1.205","1.175","1.205","1.175","2.55%"
"2022-9-5","1.175","1.175","1.175","1.175","-1.67%"
"2022-9-2","1.195","1.165","1.195","1.165","2.58%"
"2022-9-1","1.165","1.135","1.165","1.135","2.64%"
"2022-8-31","1.135","1.145","1.145","1.135","-0.87%"
"2022-8-30","1.145","1.135","1.145","1.135","0.88%"
"2022-8-29","1.135","1.085","1.135","1.085","4.61%"
"2022-8-26","1.085","1.105","1.105","1.085","-1.81%"
"2022-8-25","1.105","1.105","1.105","1.105","0.00%"
"2022-8-24","1.105","1.115","1.115","1.105","-0.90%"
"2022-8-23","1.115","1.135","1.135","1.115","-1.76%"
"2022-8-22","1.135","1.135","1.135","1.135","1.79%"
"2022-8-19","1.115","1.115","1.115","1.115","0.00%"
"2022-8-18","1.115","1.105","1.115","1.105","0.90%"
"2022-8-17","1.105","1.075","1.105","1.075","2.79%"
"2022-8-16","1.075","1.075","1.075","1.075","0.00%"
"2022-8-15","1.075","1.075","1.075","1.075","0.00%"
"2022-8-12","1.075","1.065","1.075","1.065","0.94%"
"2022-8-11","1.065","1.075","1.075","1.065","-0.93%"
"2022-8-10","1.075","1.045","1.075","1.045","2.87%"
"2022-8-9","1.045","1.045","1.045","1.045","-0.95%"
"2022-8-8","1.055","1.055","1.055","1.055","0.00%"
"2022-8-5","1.055","1.055","1.055","1.055","0.00%"
"2022-8-4","1.055","1.055","1.055","1.055","0.00%"
"2022-8-3","1.055","1.045","1.055","1.045","0.96%"
"2022-8-2","1.045","1.055","1.055","1.045","-0.95%"
"2022-8-1","1.055","1.055","1.055","1.055","2.93%"
"2022-7-29","1.025","1.045","1.045","1.025","-1.91%"
"2022-7-28","1.045","1.075","1.075","1.045","-2.79%"
"2022-7-27","1.075","1.085","1.085","1.075","-0.92%"
"2022-7-26","1.085","1.075","1.085","1.075","0.93%"
"2022-7-25","1.075","1.075","1.075","1.075","-1.83%"
"2022-7-22","1.095","1.115","1.115","1.095","-1.79%"
"2022-7-21","1.115","1.105","1.115","1.105","0.90%"
"2022-7-20","1.105","1.095","1.105","1.095","0.91%"
"2022-7-19","1.095","1.095","1.095","1.095","0.00%"
"2022-7-18","1.095","1.095","1.095","1.095","0.92%"
"2022-7-15","1.085","1.085","1.085","1.085","-1.81%"
"2022-7-14","1.105","1.105","1.105","1.105","0.00%"
"2022-7-13","1.105","1.085","1.105","1.085","1.84%"
"2022-7-12","1.085","1.095","1.095","1.085","-0.91%"
"2022-7-11","1.095","1.095","1.095","1.095","2.82%"
"2022-7-8","1.065","1.075","1.075","1.065","-0.93%"
"2022-7-7","1.075","1.045","1.075","1.045","2.87%"
"2022-7-6","1.045","1.065","1.065","1.045","-1.88%"
"2022-7-5","1.065","1.045","1.065","1.045","1.91%"
"2022-7-4","1.045","1.045","1.045","1.045","-1.88%"
"2022-7-1","1.065","1.095","1.095","1.065","-2.74%"
"2022-6-30","1.095","1.075","1.095","1.075","1.86%"
"2022-6-29","1.075","1.075","1.075","1.075","0.00%"
"2022-6-28","1.075","1.050","1.075","1.050","2.38%"
"2022-6-27","1.050","1.050","1.050","1.050","0.00%"
"2022-6-24","1.050","1.050","1.050","1.050","-1.41%"
"2022-6-23","1.065","1.055","1.065","1.055","0.95%"
"2022-6-22","1.055","1.065","1.065","1.055","-0.94%"
"2022-6-21","1.065","1.078","1.078","1.065","-1.21%"
"2022-6-20","1.078","0.985","1.078","0.985","9.44%"
"2022-6-17","0.985","1.145","1.145","0.985","-13.97%"
"2022-6-16","1.145","1.185","1.185","1.145","-3.38%"
"2022-6-15","1.185","1.175","1.185","1.175","0.85%"
"2022-6-14","1.175","1.125","1.175","1.125","4.44%"
"2022-6-13","1.125","1.075","1.125","1.075","4.65%"
"2022-6-10","1.075","1.075","1.075","1.075","0.00%"
"2022-6-9","1.075","1.075","1.075","1.075","0.00%"
"2022-6-8","1.075","1.075","1.075","1.075","0.00%"
"2022-6-7","1.075","1.035","1.075","1.035","3.86%"
"2022-6-6","1.035","1.025","1.035","1.025","0.98%"
"2022-6-3","1.025","1.025","1.025","1.025","0.00%"
"2022-6-2","1.025","1.025","1.025","1.025","1.99%"
"2022-6-1","1.005","1.005","1.005","1.005","0.00%"
"2022-5-31","1.005","0.965","1.005","0.965","4.15%"
"2022-5-30","0.965","0.885","0.965","0.885","9.04%"
"2022-5-27","0.885","0.885","0.885","0.885","0.00%"
"2022-5-26","0.885","0.885","0.885","0.885","0.00%"
"2022-5-25","0.885","0.995","0.995","0.885","-11.06%"
"2022-5-24","0.995","0.995","0.995","0.995","2.05%"
"2022-5-23","0.975","0.975","0.975","0.975","-4.88%"
"2022-5-20","1.025","1.025","1.025","1.025","-4.65%"
"2022-5-19","1.075","1.095","1.095","1.075","-1.83%"
"2022-5-18","1.095","1.125","1.125","1.095","-2.67%"
"2022-5-17","1.125","1.205","1.205","1.125","-6.64%"
"2022-5-16","1.205","1.175","1.205","1.175","2.55%"
"2022-5-13","1.175","1.143","1.175","1.143","2.80%"
"2022-5-12","1.143","1.143","1.143","1.143","-0.61%"
"2022-5-11","1.150","1.129","1.150","1.129","1.86%"
"2022-5-10","1.129","1.124","1.129","1.124","-1.74%"
"2022-5-9","1.149","1.149","1.149","1.149","9.43%"
"2022-5-6","1.050","1.050","1.050","1.050","0.00%"
"2022-5-5","1.050","1.050","1.050","1.050","0.48%"
"2022-5-4","1.045","1.045","1.045","1.045","0.00%"
"2022-5-3","1.045","1.045","1.045","1.045","1.95%"
"2022-5-2","1.025","1.025","1.025","1.025","0.00%"
"2022-4-29","1.025","1.015","1.025","1.015","0.99%"
"2022-4-28","1.015","1.010","1.015","1.010","0.50%"
"2022-4-27","1.010","1.015","1.015","1.010","-2.88%"
"2022-4-26","1.040","1.040","1.040","1.040","-0.95%"
"2022-4-25","1.050","1.050","1.050","1.050","1.94%"
"2022-4-22","1.030","1.030","1.030","1.030","0.49%"
"2022-4-21","1.025","1.025","1.025","1.025","-0.49%"
"2022-4-20","1.030","1.030","1.030","1.030","2.49%"
"2022-4-19","1.005","0.995","1.005","0.995","1.01%"
"2022-4-18","0.995","0.995","0.995","0.995","0.51%"
"2022-4-15","0.990","0.990","0.990","0.990","-0.50%"
"2022-4-14","0.995","0.995","0.995","0.995","0.00%"
"2022-4-13","0.995","0.985","0.995","0.985","1.02%"
"2022-4-12","0.985","0.970","0.985","0.970","1.55%"
"2022-4-11","0.970","0.970","0.970","0.970","6.01%"
"2022-4-8","0.915","0.915","0.915","0.915","0.00%"
"2022-4-7","0.915","0.850","0.915","0.850","7.65%"
"2022-4-6","0.850","0.835","0.850","0.835","1.80%"
"2022-4-5","0.835","0.835","0.835","0.835","0.00%"
"2022-4-4","0.835","0.835","0.835","0.835","0.00%"
"2022-4-1","0.835","0.815","0.835","0.815","6.37%"
"2022-3-31","0.785","0.815","0.815","0.785","0.00%"
"2022-3-30","0.785","0.765","0.785","0.765","2.61%"
"2022-3-29","0.765","0.765","0.765","0.765","-0.65%"
"2022-3-28","0.770","0.755","0.770","0.755","1.99%"
"2022-3-25","0.755","0.740","0.755","0.740","2.03%"
"2022-3-24","0.740","0.740","0.740","0.740","0.00%"
"2022-3-23","0.740","0.745","0.745","0.740","-0.67%"
"2022-3-22","0.745","0.745","0.745","0.745","4.93%"
"2022-3-21","0.710","0.715","0.715","0.710","-0.70%"
"2022-3-18","0.715","0.660","0.715","0.660","8.33%"
"2022-3-17","0.660","0.645","0.660","0.645","2.33%"
"2022-3-16","0.645","0.635","0.645","0.635","1.57%"
"2022-3-15","0.635","0.615","0.635","0.615","3.25%"
"2022-3-14","0.615","0.605","0.615","0.605","1.65%"
"2022-3-11","0.605","0.605","0.605","0.605","0.00%"
"2022-3-10","0.605","0.590","0.605","0.590","2.54%"
"2022-3-9","0.590","0.590","0.590","0.590","0.00%"
"2022-3-8","0.590","0.585","0.590","0.585","0.85%"
"2022-3-7","0.585","0.585","0.585","0.585","-0.85%"
"2022-3-4","0.590","0.585","0.590","0.585","0.85%"
"2022-3-3","0.585","0.580","0.585","0.580","0.86%"
"2022-3-2","0.580","0.610","0.610","0.580","-4.92%"
"2022-3-1","0.610","0.615","0.615","0.610","-0.81%"
"2022-2-28","0.615","0.615","0.615","0.615","0.00%"
"2022-2-25","0.615","0.585","0.615","0.585","5.13%"
"2022-2-24","0.585","0.594","0.594","0.585","-1.52%"
"2022-2-23","0.594","0.579","0.594","0.579","2.59%"
"2022-2-22","0.579","0.583","0.583","0.579","-0.69%"
"2022-2-21","0.583","0.495","0.583","0.495","17.78%"
"2022-2-18","0.495","0.495","0.495","0.495","0.00%"
"2022-2-17","0.495","0.495","0.495","0.495","0.00%"
"2022-2-16","0.495","0.495","0.495","0.495","0.00%"
"2022-2-15","0.495","0.495","0.495","0.495","0.00%"
"2022-2-14","0.495","0.495","0.495","0.495","0.00%"
"2022-2-11","0.495","0.510","0.510","0.495","-2.94%"
"2022-2-10","0.510","0.495","0.510","0.495","3.03%"
"2022-2-9","0.495","0.495","0.495","0.495","0.00%"
"2022-2-8","0.495","0.495","0.495","0.495","0.00%"
"2022-2-7","0.495","0.490","0.495","0.490","1.02%"
"2022-2-4","0.490","0.490","0.490","0.490","0.00%"
"2022-2-3","0.490","0.490","0.490","0.490","0.00%"
"2022-2-2","0.490","0.490","0.490","0.490","0.00%"
"2022-2-1","0.490","0.490","0.490","0.490","0.00%"
"2022-1-31","0.490","0.490","0.490","0.490","0.00%"
"2022-1-28","0.490","0.490","0.490","0.490","0.00%"
"2022-1-27","0.490","0.495","0.495","0.490","-1.01%"
"2022-1-26","0.495","0.495","0.495","0.495","0.00%"
"2022-1-25","0.495","0.515","0.515","0.495","-3.88%"
"2022-1-24","0.515","0.545","0.545","0.515","-5.50%"
"2022-1-21","0.545","0.520","0.545","0.520","4.81%"
"2022-1-20","0.520","0.545","0.545","0.520","-4.59%"
"2022-1-19","0.545","0.510","0.545","0.510","6.86%"
"2022-1-18","0.510","0.505","0.510","0.505","0.99%"
"2022-1-17","0.505","0.515","0.515","0.505","-1.94%"
"2022-1-14","0.515","0.535","0.535","0.515","-3.74%"
"2022-1-13","0.535","0.520","0.535","0.520","2.88%"
"2022-1-12","0.520","0.520","0.520","0.520","0.00%"
"2022-1-11","0.520","0.515","0.520","0.515","0.97%"
"2022-1-10","0.515","0.515","0.515","0.515","0.00%"
"2022-1-7","0.515","0.525","0.525","0.515","-1.90%"
"2022-1-6","0.525","0.515","0.525","0.515","1.94%"
"2022-1-5","0.515","0.515","0.515","0.515","0.00%"
"2022-1-4","0.515","0.545","0.545","0.515","-5.50%"
"2022-1-3","0.545","0.495","0.545","0.495","10.10%"
"2021-12-31","0.495","0.495","0.495","0.495","0.00%"
"2021-12-30","0.495","0.495","0.495","0.495","0.00%"
"2021-12-29","0.495","0.495","0.495","0.495","0.00%"
"2021-12-28","0.495","0.490","0.495","0.490","1.02%"
"2021-12-27","0.490","0.495","0.495","0.490","-1.01%"
"2021-12-24","0.495","0.495","0.495","0.495","0.00%"
"2021-12-23","0.495","0.485","0.495","0.485","2.06%"
"2021-12-22","0.485","0.440","0.485","0.440","10.23%"
"2021-12-21","0.440","0.455","0.455","0.440","-3.30%"
"2021-12-20","0.455","0.455","0.455","0.455","2.25%"
"2021-12-17","0.445","0.440","0.445","0.440","1.14%"
"2021-12-16","0.440","0.445","0.445","0.440","-1.12%"
"2021-12-15","0.445","0.445","0.445","0.445","0.00%"
"2021-12-14","0.445","0.445","0.445","0.445","0.00%"
"2021-12-13","0.445","0.445","0.445","0.445","0.00%"
"2021-12-10","0.445","0.445","0.445","0.445","0.00%"
"2021-12-9","0.445","0.435","0.445","0.435","2.30%"
"2021-12-8","0.435","0.445","0.445","0.435","-2.25%"
"2021-12-7","0.445","0.445","0.445","0.445","0.00%"
"2021-12-6","0.445","0.470","0.470","0.445","4.71%"
"2021-12-3","0.425","0.435","0.435","0.425","-2.30%"
"2021-12-2","0.435","0.425","0.435","0.425","2.35%"
"2021-12-1","0.425","0.420","0.425","0.420","1.19%"
"2021-11-30","0.420","0.420","0.420","0.420","0.00%"
"2021-11-29","0.420","0.425","0.425","0.420","-1.18%"
"2021-11-26","0.425","0.445","0.445","0.425","-4.49%"
"2021-11-25","0.445","0.445","0.445","0.445","0.00%"
"2021-11-24","0.445","0.450","0.450","0.445","-1.11%"
"2021-11-23","0.450","0.435","0.450","0.435","3.45%"
"2021-11-22","0.435","0.435","0.435","0.435","0.00%"
"2021-11-19","0.435","0.430","0.435","0.430","1.16%"
"2021-11-18","0.430","0.445","0.445","0.430","-3.37%"
"2021-11-17","0.445","0.430","0.445","0.430","3.49%"
"2021-11-16","0.430","0.415","0.430","0.415","3.61%"
"2021-11-15","0.415","0.420","0.420","0.415","-1.19%"
"2021-11-12","0.420","0.405","0.420","0.405","3.70%"
"2021-11-11","0.405","0.400","0.405","0.400","1.25%"
"2021-11-10","0.400","0.400","0.400","0.400","0.00%"
"2021-11-9","0.400","0.390","0.400","0.390","2.56%"
"2021-11-8","0.390","0.405","0.405","0.390","-3.70%"
"2021-11-5","0.405","0.425","0.425","0.405","-4.71%"
"2021-11-4","0.425","0.425","0.425","0.425","0.00%"
"2021-11-3","0.425","0.430","0.430","0.425","-1.16%"
"2021-11-2","0.430","0.430","0.430","0.430","0.00%"
"2021-11-1","0.430","0.415","0.430","0.415","3.61%"
"2021-10-29","0.415","0.420","0.420","0.415","-1.19%"
"2021-10-28","0.420","0.425","0.425","0.420","-1.18%"
"2021-10-27","0.425","0.425","0.425","0.425","0.00%"
"2021-10-26","0.425","0.425","0.425","0.425","0.00%"
"2021-10-25","0.425","0.405","0.425","0.405","4.94%"
"2021-10-22","0.405","0.400","0.405","0.400","1.25%"
"2021-10-21","0.400","0.385","0.400","0.385","3.90%"
"2021-10-20","0.385","0.385","0.385","0.385","0.00%"
"2021-10-19","0.385","0.380","0.385","0.380","1.32%"
"2021-10-18","0.380","0.380","0.380","0.380","10.14%"
"2021-10-15","0.345","0.340","0.345","0.340","1.47%"
"2021-10-14","0.340","0.335","0.340","0.335","1.49%"
"2021-10-13","0.335","0.345","0.345","0.335","-2.90%"
"2021-10-12","0.345","0.340","0.345","0.340","1.47%"
"2021-10-11","0.340","0.340","0.340","0.340","0.00%"
"2021-10-8","0.340","0.335","0.340","0.335","1.49%"
"2021-10-7","0.335","0.315","0.335","0.315","6.35%"
"2021-10-6","0.315","0.315","0.315","0.315","1.61%"
"2021-10-5","0.310","0.305","0.310","0.305","1.64%"
"2021-10-4","0.305","0.305","0.305","0.305","0.00%"
"2021-10-1","0.305","0.320","0.320","0.305","-4.69%"
"2021-9-30","0.320","0.310","0.320","0.310","3.23%"
"2021-9-29","0.310","0.305","0.310","0.305","1.64%"
"2021-9-28","0.305","0.305","0.305","0.305","0.00%"
"2021-9-27","0.305","0.305","0.305","0.305","3.39%"
"2021-9-24","0.295","0.280","0.295","0.280","5.36%"
"2021-9-23","0.280","0.295","0.295","0.280","-5.08%"
"2021-9-22","0.295","0.295","0.295","0.295","0.00%"
"2021-9-21","0.295","0.295","0.295","0.295","0.00%"
"2021-9-20","0.295","0.295","0.295","0.295","0.00%"
"2021-9-17","0.295","0.290","0.295","0.290","1.72%"
"2021-9-16","0.290","0.290","0.290","0.290","0.00%"
"2021-9-15","0.290","0.295","0.295","0.290","-1.69%"
"2021-9-14","0.295","0.305","0.305","0.295","-3.28%"
"2021-9-13","0.305","0.305","0.305","0.305","0.00%"
"2021-9-10","0.305","0.305","0.305","0.305","0.00%"
"2021-9-9","0.305","0.310","0.310","0.305","-1.61%"
"2021-9-8","0.310","0.320","0.320","0.310","-3.12%"
"2021-9-7","0.320","0.310","0.320","0.310","3.23%"
"2021-9-6","0.310","0.310","0.310","0.310","1.64%"
"2021-9-3","0.305","0.305","0.305","0.305","0.00%"
"2021-9-2","0.305","0.305","0.305","0.305","0.00%"
"2021-9-1","0.305","0.300","0.305","0.300","1.67%"
"2021-8-31","0.300","0.300","0.300","0.300","0.00%"
"2021-8-30","0.300","0.305","0.305","0.300","-1.64%"
"2021-8-27","0.305","0.305","0.305","0.305","0.00%"
"2021-8-26","0.305","0.310","0.310","0.305","-1.61%"
"2021-8-25","0.310","0.295","0.310","0.295","5.08%"
"2021-8-24","0.295","0.310","0.310","0.295","-4.84%"
"2021-8-23","0.310","0.300","0.310","0.300","3.33%"
"2021-8-20","0.300","0.285","0.300","0.285","5.26%"
"2021-8-19","0.285","0.280","0.285","0.280","1.79%"
"2021-8-18","0.280","0.275","0.280","0.275","1.82%"
"2021-8-17","0.275","0.275","0.275","0.275","0.00%"
"2021-8-16","0.275","0.270","0.275","0.270","1.85%"
"2021-8-13","0.270","0.270","0.270","0.270","0.00%"
"2021-8-12","0.270","0.275","0.275","0.270","-1.82%"
"2021-8-11","0.275","0.275","0.275","0.275","0.00%"
"2021-8-10","0.275","0.275","0.275","0.275","0.00%"
"2021-8-9","0.275","0.275","0.275","0.275","0.00%"
"2021-8-6","0.275","0.275","0.275","0.275","0.00%"
"2021-8-5","0.275","0.270","0.275","0.270","1.85%"
"2021-8-4","0.270","0.275","0.275","0.270","-1.82%"
"2021-8-3","0.275","0.275","0.275","0.275","-1.79%"
"2021-8-2","0.280","0.275","0.280","0.275","1.82%"
"2021-7-30","0.275","0.275","0.275","0.275","0.00%"
"2021-7-29","0.275","0.268","0.275","0.268","2.61%"
"2021-7-28","0.268","0.261","0.268","0.261","2.68%"
"2021-7-27","0.261","0.256","0.261","0.256","1.95%"
"2021-7-26","0.256","0.255","0.256","0.233","0.39%"
"2021-7-23","0.255","0.260","0.260","0.255","-1.92%"
"2021-7-22","0.260","0.260","0.260","0.260","4.00%"
"2021-7-21","0.250","0.245","0.250","0.245","2.04%"
"2021-7-20","0.245","0.255","0.255","0.245","-3.92%"
"2021-7-19","0.255","0.260","0.260","0.255","-1.92%"
"2021-7-16","0.260","0.260","0.260","0.260","0.00%"
"2021-7-15","0.260","0.265","0.265","0.260","-1.89%"
"2021-7-14","0.265","0.250","0.265","0.250","6.00%"
"2021-7-13","0.250","0.250","0.250","0.250","0.00%"
"2021-7-12","0.250","0.250","0.250","0.250","-1.96%"
"2021-7-9","0.255","0.255","0.255","0.255","0.00%"
"2021-7-8","0.255","0.250","0.255","0.250","2.00%"
"2021-7-7","0.250","0.260","0.260","0.250","-3.85%"
"2021-7-6","0.260","0.260","0.260","0.260","0.00%"
"2021-7-5","0.260","0.260","0.260","0.260","0.00%"
"2021-7-2","0.260","0.265","0.265","0.260","-1.89%"
"2021-7-1","0.265","0.265","0.265","0.265","0.00%"
"2021-6-30","0.265","0.265","0.265","0.265","0.00%"
"2021-6-29","0.265","0.265","0.265","0.265","0.00%"
"2021-6-28","0.265","0.265","0.265","0.265","0.00%"
"2021-6-25","0.265","0.260","0.265","0.260","1.92%"
"2021-6-24","0.260","0.260","0.260","0.260","0.00%"
"2021-6-23","0.260","0.260","0.260","0.260","-8.77%"
"2021-6-22","0.285","0.285","0.285","0.285","-1.72%"
"2021-6-21","0.290","0.290","0.290","0.290","-1.69%"
"2021-6-18","0.295","0.295","0.295","0.295","-1.67%"
"2021-6-17","0.300","0.300","0.300","0.300","5.26%"
"2021-6-16","0.285","0.285","0.285","0.285","16.33%"
"2021-6-15","0.245","0.245","0.245","0.245","0.00%"
"2021-6-14","0.245","0.245","0.245","0.245","0.00%"
"2021-6-11","0.245","0.250","0.250","0.245","-2.00%"
"2021-6-10","0.250","0.255","0.255","0.250","-1.96%"
"2021-6-9","0.255","0.260","0.260","0.255","-1.92%"
"2021-6-8","0.260","0.260","0.260","0.260","0.00%"
"2021-6-7","0.260","0.260","0.260","0.260","0.00%"
"2021-6-4","0.260","0.265","0.265","0.260","-1.89%"
"2021-6-3","0.265","0.260","0.265","0.260","1.92%"
"2021-6-2","0.260","0.265","0.265","0.260","-1.89%"
"2021-6-1","0.265","0.260","0.265","0.260","1.92%"
"2021-5-31","0.260","0.260","0.260","0.260","0.00%"
"2021-5-28","0.260","0.260","0.260","0.260","0.00%"
"2021-5-27","0.260","0.265","0.265","0.260","-1.89%"
"2021-5-26","0.265","0.270","0.270","0.265","-1.85%"
"2021-5-25","0.270","0.265","0.270","0.265","1.89%"
"2021-5-24","0.265","0.265","0.265","0.265","0.00%"
"2021-5-21","0.265","0.265","0.265","0.265","0.00%"
"2021-5-20","0.265","0.265","0.265","0.265","0.00%"
"2021-5-19","0.265","0.265","0.265","0.265","0.00%"
"2021-5-18","0.265","0.255","0.265","0.255","3.92%"
"2021-5-17","0.255","0.260","0.260","0.255","-1.92%"
"2021-5-14","0.260","0.260","0.260","0.260","0.00%"
"2021-5-13","0.260","0.245","0.260","0.245","6.12%"
"2021-5-12","0.245","0.245","0.245","0.245","0.00%"
"2021-5-11","0.245","0.245","0.245","0.245","0.00%"
"2021-5-10","0.245","0.245","0.245","0.245","0.00%"
"2021-5-7","0.245","0.240","0.245","0.240","2.08%"
"2021-5-6","0.240","0.245","0.245","0.240","-2.04%"
"2021-5-5","0.245","0.245","0.245","0.245","0.00%"
"2021-5-4","0.245","0.250","0.250","0.245","-2.00%"
"2021-5-3","0.250","0.255","0.255","0.250","-1.96%"
"2021-4-30","0.255","0.255","0.255","0.255","0.00%"
"2021-4-29","0.255","0.260","0.260","0.255","-1.92%"
"2021-4-28","0.260","0.255","0.260","0.255","1.96%"
"2021-4-27","0.255","0.250","0.255","0.250","2.00%"
"2021-4-26","0.250","0.250","0.250","0.250","0.00%"
"2021-4-23","0.250","0.255","0.255","0.250","-1.96%"
"2021-4-22","0.255","0.250","0.255","0.250","2.00%"
"2021-4-21","0.250","0.250","0.250","0.250","2.04%"
"2021-4-20","0.245","0.240","0.245","0.240","2.08%"
"2021-4-19","0.240","0.240","0.240","0.240","0.00%"
"2021-4-16","0.240","0.245","0.245","0.240","-2.04%"
"2021-4-15","0.245","0.255","0.255","0.245","-3.92%"
"2021-4-14","0.255","0.270","0.270","0.255","-5.56%"
"2021-4-13","0.270","0.270","0.270","0.270","0.00%"
"2021-4-12","0.270","0.270","0.270","0.270","0.00%"
"2021-4-9","0.270","0.270","0.270","0.270","0.00%"
"2021-4-8","0.270","0.275","0.275","0.270","-1.82%"
"2021-4-7","0.275","0.280","0.280","0.275","-1.79%"
"2021-4-6","0.280","0.295","0.295","0.280","-5.08%"
"2021-4-5","0.295","0.295","0.295","0.295","0.00%"
"2021-4-2","0.295","0.295","0.295","0.295","0.00%"
"2021-4-1","0.295","0.290","0.295","0.290","1.72%"
"2021-3-31","0.290","0.285","0.290","0.285","1.75%"
"2021-3-30","0.285","0.270","0.285","0.270","5.56%"
"2021-3-29","0.270","0.275","0.275","0.270","-1.82%"
"2021-3-26","0.275","0.275","0.275","0.275","0.00%"
"2021-3-25","0.275","0.275","0.275","0.275","-3.51%"
"2021-3-24","0.285","0.295","0.295","0.285","-3.39%"
"2021-3-23","0.295","0.295","0.295","0.295","-3.28%"
"2021-3-22","0.305","0.310","0.310","0.305","-1.61%"
"2021-3-19","0.310","0.310","0.310","0.310","0.00%"
"2021-3-18","0.310","0.315","0.315","0.310","-1.59%"
"2021-3-17","0.315","0.315","0.315","0.315","-4.55%"
"2021-3-16","0.330","0.325","0.330","0.325","1.54%"
"2021-3-15","0.325","0.335","0.335","0.325","-2.99%"
"2021-3-12","0.335","0.340","0.340","0.335","-1.47%"
"2021-3-11","0.340","0.340","0.340","0.340","0.00%"
"2021-3-10","0.340","0.335","0.340","0.335","1.49%"
"2021-3-9","0.335","0.335","0.335","0.335","0.00%"
"2021-3-8","0.335","0.335","0.335","0.335","0.00%"
"2021-3-5","0.335","0.335","0.335","0.335","0.00%"
"2021-3-4","0.335","0.335","0.335","0.335","0.00%"
"2021-3-3","0.335","0.315","0.335","0.315","6.35%"
"2021-3-2","0.315","0.295","0.315","0.295","6.78%"
"2021-3-1","0.295","0.295","0.295","0.295","0.00%"
"2021-2-26","0.295","0.305","0.305","0.295","-3.28%"
"2021-2-25","0.305","0.300","0.305","0.300","1.67%"
"2021-2-24","0.300","0.295","0.300","0.295","1.69%"
"2021-2-23","0.295","0.295","0.295","0.295","0.00%"
"2021-2-22","0.295","0.265","0.295","0.265","11.32%"
"2021-2-19","0.265","0.245","0.265","0.245","8.16%"
"2021-2-18","0.245","0.235","0.245","0.235","4.26%"
"2021-2-17","0.235","0.225","0.235","0.225","4.44%"
"2021-2-16","0.225","0.225","0.225","0.225","0.00%"
"2021-2-15","0.225","0.225","0.225","0.225","0.00%"
"2021-2-12","0.225","0.225","0.225","0.225","0.00%"
"2021-2-11","0.225","0.225","0.225","0.225","0.00%"
"2021-2-10","0.225","0.225","0.225","0.225","0.00%"
"2021-2-9","0.225","0.225","0.225","0.225","0.00%"
"2021-2-8","0.225","0.225","0.225","0.225","0.00%"
"2021-2-5","0.225","0.225","0.225","0.225","0.00%"
"2021-2-4","0.225","0.205","0.225","0.205","9.76%"
"2021-2-3","0.205","0.205","0.205","0.205","0.00%"
"2021-2-2","0.205","0.210","0.210","0.205","-2.38%"
"2021-2-1","0.210","0.195","0.210","0.195","7.69%"
"2021-1-29","0.195","0.200","0.200","0.195","-2.50%"
"2021-1-28","0.200","0.205","0.205","0.200","-2.44%"
"2021-1-27","0.205","0.215","0.215","0.205","-4.65%"
"2021-1-26","0.215","0.205","0.215","0.205","4.88%"
"2021-1-25","0.205","0.200","0.205","0.200","2.50%"
"2021-1-22","0.200","0.190","0.200","0.190","5.26%"
"2021-1-21","0.190","0.195","0.195","0.190","-2.56%"
"2021-1-20","0.195","0.190","0.195","0.190","2.63%"
"2021-1-19","0.190","0.195","0.195","0.190","-2.56%"
"2021-1-18","0.195","0.200","0.200","0.195","-2.50%"
"2021-1-15","0.200","0.205","0.205","0.200","-2.44%"
"2021-1-14","0.205","0.210","0.210","0.205","-2.38%"
"2021-1-13","0.210","0.214","0.214","0.210","-1.87%"
"2021-1-12","0.214","0.215","0.215","0.214","-0.47%"
"2021-1-11","0.215","0.163","0.215","0.163","31.90%"
"2021-1-8","0.163","0.185","0.185","0.163","1.88%"
"2021-1-7","0.160","0.135","0.160","0.135","18.52%"
"2021-1-6","0.135","0.135","0.135","0.135","0.00%"
"2021-1-5","0.135","0.155","0.155","0.135","-12.90%"
"2021-1-4","0.155","0.145","0.155","0.145","6.90%"
"2020-12-31","0.145","0.165","0.165","0.145","-12.12%"
"2020-12-30","0.165","0.140","0.165","0.140","17.86%"
"2020-12-29","0.140","0.110","0.140","0.110","27.27%"
"2020-12-28","0.110","0.140","0.140","0.110","-21.43%"
"2020-12-25","0.140","0.145","0.145","0.140","-3.45%"
"2020-12-24","0.145","0.130","0.145","0.130","11.54%"
"2020-12-23","0.130","0.125","0.130","0.125","4.00%"
"2020-12-22","0.125","0.150","0.150","0.125","-16.67%"
"2020-12-21","0.150","0.135","0.150","0.135","11.11%"
"2020-12-18","0.135","0.150","0.150","0.135","-10.00%"
"2020-12-17","0.150","0.140","0.150","0.140","7.14%"
"2020-12-16","0.140","0.140","0.140","0.140","0.00%"
"2020-12-15","0.140","0.145","0.145","0.140","-3.45%"
"2020-12-14","0.145","0.150","0.150","0.145","-3.33%"
"2020-12-11","0.150","0.160","0.160","0.150","-6.25%"
"2020-12-10","0.160","0.170","0.170","0.160","-5.88%"
"2020-12-9","0.170","0.160","0.170","0.160","6.25%"
"2020-12-8","0.160","0.155","0.160","0.155","3.23%"
"2020-12-7","0.155","0.150","0.155","0.150","3.33%"
"2020-12-4","0.150","0.158","0.158","0.150","-5.06%"
"2020-12-3","0.158","0.160","0.160","0.158","-1.25%"
"2020-12-2","0.160","0.165","0.165","0.160","-3.03%"
"2020-12-1","0.165","0.170","0.170","0.165","-2.94%"
"2020-11-30","0.170","0.175","0.175","0.170","-2.86%"
"2020-11-27","0.175","0.175","0.175","0.175","0.00%"
"2020-11-26","0.175","0.170","0.175","0.170","2.94%"
"2020-11-25","0.170","0.175","0.175","0.170","-2.86%"
"2020-11-24","0.175","0.170","0.175","0.170","2.94%"
"2020-11-23","0.170","0.175","0.175","0.170","-2.86%"
"2020-11-20","0.175","0.175","0.175","0.175","0.00%"
"2020-11-19","0.175","0.190","0.190","0.175","-7.89%"
"2020-11-18","0.190","0.190","0.190","0.190","0.00%"
"2020-11-17","0.190","0.195","0.195","0.190","-2.56%"
"2020-11-16","0.195","0.200","0.200","0.195","-2.50%"
"2020-11-13","0.200","0.200","0.200","0.200","0.00%"
"2020-11-12","0.200","0.205","0.205","0.200","-2.44%"
"2020-11-11","0.205","0.195","0.205","0.195","5.13%"
"2020-11-10","0.195","0.200","0.200","0.195","-2.50%"
"2020-11-9","0.200","0.200","0.200","0.200","8.11%"
"2020-11-6","0.185","0.205","0.205","0.185","-9.76%"
"2020-11-5","0.205","0.225","0.225","0.205","-8.89%"
"2020-11-4","0.225","0.225","0.225","0.225","0.00%"
"2020-11-3","0.225","0.220","0.225","0.220","2.27%"
"2020-11-2","0.220","0.220","0.220","0.220","-4.35%"
"2020-10-30","0.230","0.225","0.230","0.225","2.22%"
"2020-10-29","0.225","0.215","0.225","0.215","4.65%"
"2020-10-28","0.215","0.215","0.215","0.215","0.00%"
"2020-10-27","0.215","0.215","0.215","0.215","0.00%"
"2020-10-26","0.215","0.210","0.215","0.210","2.38%"
"2020-10-23","0.210","0.215","0.215","0.210","-2.33%"
"2020-10-22","0.215","0.220","0.220","0.215","-2.27%"
"2020-10-21","0.220","0.220","0.220","0.220","-2.22%"
"2020-10-20","0.225","0.220","0.225","0.220","2.27%"
"2020-10-19","0.220","0.225","0.225","0.220","-2.22%"
"2020-10-16","0.225","0.220","0.225","0.220","2.27%"
"2020-10-15","0.220","0.230","0.230","0.220","-4.35%"
"2020-10-14","0.230","0.220","0.230","0.220","4.55%"
"2020-10-13","0.220","0.240","0.240","0.220","-8.33%"
"2020-10-12","0.240","0.240","0.240","0.240","-2.04%"
"2020-10-9","0.245","0.245","0.245","0.245","0.00%"
"2020-10-8","0.245","0.245","0.245","0.245","-5.77%"
"2020-10-7","0.260","0.265","0.265","0.260","-1.89%"
"2020-10-6","0.265","0.265","0.265","0.265","0.00%"
"2020-10-5","0.265","0.275","0.275","0.265","-3.64%"
"2020-10-2","0.275","0.275","0.275","0.275","0.00%"
"2020-10-1","0.275","0.275","0.275","0.275","0.00%"
"2020-9-30","0.275","0.285","0.285","0.275","-3.51%"
"2020-9-29","0.285","0.315","0.315","0.285","-9.52%"
"2020-9-28","0.315","0.315","0.315","0.315","0.00%"
"2020-9-25","0.315","0.295","0.315","0.295","6.78%"
"2020-9-24","0.295","0.315","0.315","0.295","-6.35%"
"2020-9-23","0.315","0.315","0.315","0.315","0.00%"
"2020-9-22","0.315","0.315","0.315","0.315","0.00%"
"2020-9-21","0.315","0.315","0.315","0.315","0.00%"
"2020-9-18","0.315","0.315","0.315","0.315","0.00%"
"2020-9-17","0.315","0.315","0.315","0.315","0.00%"
"2020-9-16","0.315","0.310","0.315","0.310","1.61%"
"2020-9-15","0.310","0.310","0.310","0.310","0.00%"
"2020-9-14","0.310","0.315","0.315","0.310","-1.59%"
"2020-9-11","0.315","0.315","0.315","0.315","0.00%"
"2020-9-10","0.315","0.315","0.315","0.315","0.00%"
"2020-9-9","0.315","0.315","0.315","0.315","0.00%"
"2020-9-8","0.315","0.330","0.330","0.315","-4.55%"
"2020-9-7","0.330","0.315","0.330","0.315","4.76%"
"2020-9-4","0.315","0.315","0.315","0.315","0.00%"
"2020-9-3","0.315","0.315","0.315","0.315","0.00%"
"2020-9-2","0.315","0.315","0.315","0.315","0.00%"
"2020-9-1","0.315","0.315","0.315","0.315","0.00%"
"2020-8-31","0.315","0.295","0.315","0.295","6.78%"
"2020-8-28","0.295","0.305","0.305","0.295","-3.28%"
"2020-8-27","0.305","0.295","0.305","0.295","3.39%"
"2020-8-26","0.295","0.295","0.295","0.295","0.00%"
"2020-8-25","0.295","0.305","0.305","0.295","-3.28%"
"2020-8-24","0.305","0.310","0.310","0.305","-1.61%"
"2020-8-21","0.310","0.295","0.310","0.295","5.08%"
"2020-8-20","0.295","0.295","0.295","0.295","0.00%"
"2020-8-19","0.295","0.295","0.295","0.295","0.00%"
"2020-8-18","0.295","0.295","0.295","0.295","0.00%"
"2020-8-17","0.295","0.295","0.295","0.295","0.00%"
"2020-8-14","0.295","0.295","0.295","0.295","0.00%"
"2020-8-13","0.295","0.295","0.295","0.295","0.00%"
"2020-8-12","0.295","0.295","0.295","0.295","0.00%"
"2020-8-11","0.295","0.295","0.295","0.295","0.00%"
"2020-8-10","0.295","0.295","0.295","0.295","0.00%"
"2020-8-7","0.295","0.290","0.295","0.290","1.72%"
"2020-8-6","0.290","0.295","0.295","0.290","-1.69%"
"2020-8-5","0.295","0.300","0.300","0.295","-1.67%"
"2020-8-4","0.300","0.305","0.305","0.300","-1.64%"
"2020-8-3","0.305","0.305","0.305","0.305","0.00%"
"2020-7-31","0.305","0.305","0.305","0.305","0.00%"
"2020-7-30","0.305","0.320","0.320","0.305","-4.69%"
"2020-7-29","0.320","0.320","0.320","0.320","0.00%"
"2020-7-28","0.320","0.320","0.320","0.320","0.00%"
"2020-7-27","0.320","0.310","0.320","0.310","3.23%"
"2020-7-24","0.310","0.310","0.310","0.310","0.00%"
"2020-7-23","0.310","0.305","0.310","0.305","1.64%"
"2020-7-22","0.305","0.305","0.305","0.305","0.00%"
"2020-7-21","0.305","0.305","0.305","0.305","0.00%"
"2020-7-20","0.305","0.320","0.320","0.305","-4.69%"
"2020-7-17","0.320","0.340","0.340","0.320","-5.88%"
"2020-7-16","0.340","0.340","0.340","0.340","0.00%"
"2020-7-15","0.340","0.275","0.340","0.275","23.64%"
"2020-7-14","0.275","0.295","0.295","0.264","-6.78%"
"2020-7-13","0.295","0.295","0.295","0.295","0.00%"
"2020-7-10","0.295","0.300","0.300","0.295","-1.67%"
"2020-7-9","0.300","0.295","0.300","0.295","1.69%"
"2020-7-8","0.295","0.295","0.295","0.295","0.00%"
"2020-7-7","0.295","0.300","0.300","0.295","-1.67%"
"2020-7-6","0.300","0.295","0.300","0.295","1.69%"
"2020-7-3","0.295","0.300","0.300","0.295","-1.67%"
"2020-7-2","0.300","0.295","0.300","0.295","1.69%"
"2020-7-1","0.295","0.295","0.295","0.295","0.00%"
"2020-6-30","0.295","0.295","0.295","0.295","0.00%"
"2020-6-29","0.295","0.305","0.305","0.295","-3.28%"
"2020-6-26","0.305","0.305","0.305","0.305","0.00%"
"2020-6-25","0.305","0.305","0.305","0.305","0.00%"
"2020-6-24","0.305","0.300","0.305","0.300","1.67%"
"2020-6-23","0.300","0.295","0.300","0.295","1.69%"
"2020-6-22","0.295","0.295","0.295","0.295","0.00%"
"2020-6-19","0.295","0.300","0.300","0.295","-1.67%"
"2020-6-18","0.300","0.295","0.300","0.295","1.69%"
"2020-6-17","0.295","0.295","0.295","0.295","0.00%"
"2020-6-16","0.295","0.295","0.295","0.295","0.00%"
"2020-6-15","0.295","0.295","0.295","0.295","0.00%"
"2020-6-12","0.295","0.285","0.295","0.285","3.51%"
"2020-6-11","0.285","0.305","0.305","0.285","-6.56%"
"2020-6-10","0.305","0.300","0.305","0.300","1.67%"
"2020-6-9","0.300","0.310","0.310","0.300","-3.23%"
"2020-6-8","0.310","0.320","0.320","0.310","-3.12%"
"2020-6-5","0.320","0.305","0.320","0.305","4.92%"
"2020-6-4","0.305","0.300","0.305","0.300","1.67%"
"2020-6-3","0.300","0.295","0.300","0.295","1.69%"
"2020-6-2","0.295","0.290","0.295","0.290","1.72%"
"2020-6-1","0.290","0.290","0.290","0.290","0.00%"
"2020-5-29","0.290","0.290","0.290","0.290","0.00%"
"2020-5-28","0.290","0.290","0.290","0.290","0.00%"
"2020-5-27","0.290","0.300","0.300","0.290","-3.33%"
"2020-5-26","0.300","0.285","0.300","0.285","5.26%"
"2020-5-25","0.285","0.285","0.285","0.285","0.00%"
"2020-5-22","0.285","0.295","0.295","0.285","-3.39%"
"2020-5-21","0.295","0.305","0.305","0.295","-3.28%"
"2020-5-20","0.305","0.305","0.305","0.305","0.00%"
"2020-5-19","0.305","0.305","0.305","0.305","0.00%"
"2020-5-18","0.305","0.300","0.305","0.300","1.67%"
"2020-5-15","0.300","0.305","0.305","0.300","-1.64%"
"2020-5-14","0.305","0.320","0.320","0.305","-4.69%"
"2020-5-13","0.320","0.320","0.320","0.320","0.00%"
"2020-5-12","0.320","0.320","0.320","0.320","0.00%"
"2020-5-11","0.320","0.315","0.320","0.315","1.59%"
"2020-5-8","0.315","0.320","0.320","0.315","-1.56%"
"2020-5-7","0.320","0.325","0.325","0.320","-1.54%"
"2020-5-6","0.325","0.320","0.325","0.320","1.56%"
"2020-5-5","0.320","0.325","0.325","0.320","-1.54%"
"2020-5-4","0.325","0.330","0.330","0.325","-1.52%"
"2020-5-1","0.330","0.330","0.330","0.330","0.00%"
"2020-4-30","0.330","0.320","0.330","0.320","3.13%"
"2020-4-29","0.320","0.330","0.330","0.320","-3.03%"
"2020-4-28","0.330","0.315","0.330","0.315","4.76%"
"2020-4-27","0.315","0.295","0.315","0.295","6.78%"
"2020-4-24","0.295","0.305","0.305","0.295","-3.28%"
"2020-4-23","0.305","0.320","0.320","0.305","-4.69%"
"2020-4-22","0.320","0.320","0.320","0.320","0.00%"
"2020-4-21","0.320","0.345","0.345","0.320","-7.25%"
"2020-4-20","0.345","0.350","0.350","0.345","-1.43%"
"2020-4-17","0.350","0.335","0.350","0.335","4.48%"
"2020-4-16","0.335","0.360","0.360","0.335","-6.94%"
"2020-4-15","0.360","0.355","0.360","0.355","1.41%"
"2020-4-14","0.355","0.365","0.365","0.355","-2.74%"
"2020-4-13","0.365","0.350","0.365","0.350","4.29%"
"2020-4-10","0.350","0.360","0.360","0.350","-2.78%"
"2020-4-9","0.360","0.385","0.385","0.360","-6.49%"
"2020-4-8","0.385","0.360","0.385","0.360","6.94%"
"2020-4-7","0.360","0.340","0.360","0.340","5.88%"
"2020-4-6","0.340","0.325","0.340","0.325","4.62%"
"2020-4-3","0.325","0.325","0.325","0.325","0.00%"
"2020-4-2","0.325","0.325","0.325","0.325","0.00%"
"2020-4-1","0.325","0.345","0.345","0.325","-5.80%"
"2020-3-31","0.345","0.335","0.345","0.335","2.99%"
"2020-3-30","0.335","0.340","0.340","0.335","-1.47%"
"2020-3-27","0.340","0.380","0.380","0.340","-10.53%"
"2020-3-26","0.380","0.400","0.400","0.380","-5.00%"
"2020-3-25","0.400","0.430","0.430","0.400","-6.98%"
"2020-3-24","0.430","0.380","0.430","0.380","13.16%"
"2020-3-23","0.380","0.425","0.425","0.380","-10.59%"
"2020-3-20","0.425","0.590","0.590","0.425","-27.97%"
"2020-3-19","0.590","0.475","0.590","0.475","24.21%"
"2020-3-18","0.475","0.425","0.475","0.425","5.56%"
"2020-3-17","0.450","0.375","0.450","0.375","20.00%"
"2020-3-16","0.375","0.430","0.430","0.375","-12.79%"
"2020-3-13","0.430","0.375","0.430","0.375","14.67%"
"2020-3-12","0.375","0.370","0.375","0.370","1.35%"
"2020-3-11","0.370","0.370","0.370","0.370","0.00%"
"2020-3-10","0.370","0.370","0.370","0.370","0.00%"
"2020-3-9","0.370","0.405","0.405","0.370","-8.64%"
"2020-3-6","0.405","0.425","0.425","0.405","-4.71%"
"2020-3-5","0.425","0.415","0.425","0.415","2.41%"
"2020-3-4","0.415","0.455","0.455","0.415","-8.79%"
"2020-3-3","0.455","0.450","0.455","0.450","1.11%"
"2020-3-2","0.450","0.470","0.470","0.450","-4.26%"
"2020-2-28","0.470","0.470","0.470","0.470","0.00%"
"2020-2-27","0.470","0.465","0.470","0.465","1.08%"
"2020-2-26","0.465","0.470","0.470","0.465","-1.06%"
"2020-2-25","0.470","0.480","0.480","0.470","-2.08%"
"2020-2-24","0.480","0.465","0.480","0.465","3.23%"
"2020-2-21","0.465","0.470","0.470","0.465","-1.06%"
"2020-2-20","0.470","0.470","0.470","0.470","0.00%"
"2020-2-19","0.470","0.545","0.545","0.470","-13.76%"
"2020-2-18","0.545","0.485","0.545","0.485","12.37%"
"2020-2-17","0.485","0.475","0.485","0.475","2.11%"
"2020-2-14","0.475","0.495","0.495","0.475","-4.04%"
"2020-2-13","0.495","0.505","0.505","0.495","-1.98%"
"2020-2-12","0.505","0.510","0.510","0.505","-0.98%"
"2020-2-11","0.510","0.495","0.510","0.495","3.03%"
"2020-2-10","0.495","0.500","0.500","0.495","-1.00%"
"2020-2-7","0.500","0.485","0.500","0.485","3.09%"
"2020-2-6","0.485","0.510","0.510","0.485","-4.90%"
"2020-2-5","0.510","0.500","0.510","0.500","2.00%"
"2020-2-4","0.500","0.500","0.500","0.500","0.00%"
"2020-2-3","0.500","0.500","0.500","0.500","0.00%"
"2020-1-31","0.500","0.485","0.500","0.485","3.09%"
"2020-1-30","0.485","0.490","0.490","0.485","-1.02%"
"2020-1-29","0.490","0.490","0.490","0.490","0.00%"
"2020-1-28","0.490","0.490","0.490","0.490","0.00%"
"2020-1-27","0.490","0.490","0.490","0.490","0.00%"
"2020-1-24","0.490","0.490","0.490","0.490","0.00%"
"2020-1-23","0.490","0.490","0.490","0.490","0.00%"
"2020-1-22","0.490","0.490","0.490","0.490","0.00%"
"2020-1-21","0.490","0.490","0.490","0.490","0.00%"
"2020-1-20","0.490","0.500","0.500","0.490","-2.00%"
"2020-1-17","0.500","0.475","0.500","0.475","5.26%"
"2020-1-16","0.475","0.500","0.500","0.475","-5.00%"
"2020-1-15","0.500","0.515","0.515","0.500","-2.91%"
"2020-1-14","0.515","0.525","0.525","0.515","-1.90%"
"2020-1-13","0.525","0.525","0.525","0.525","0.00%"
"2020-1-10","0.525","0.530","0.530","0.525","-0.94%"
"2020-1-9","0.530","0.515","0.530","0.515","2.91%"
"2020-1-8","0.515","0.538","0.538","0.515","-4.28%"
"2020-1-7","0.538","0.545","0.555","0.538","-1.28%"
"2020-1-6","0.545","0.550","0.550","0.545","-0.91%"
"2020-1-3","0.550","0.550","0.550","0.550","-2.65%"
"2020-1-2","0.565","0.565","0.565","0.565","0.00%"
"2020-1-1","0.565","0.565","0.565","0.565","0.00%"
"2019-12-31","0.565","0.565","0.565","0.565","0.00%"
"2019-12-30","0.565","0.570","0.570","0.565","0.00%"
"2019-12-23","0.565","0.570","0.570","0.565","-0.88%"
"2019-12-20","0.570","0.570","0.570","0.570","0.00%"
"2019-12-19","0.570","0.565","0.570","0.565","0.88%"
"2019-12-18","0.565","0.570","0.570","0.565","-0.88%"
"2019-12-17","0.570","0.570","0.570","0.570","0.00%"
"2019-12-16","0.570","0.575","0.575","0.570","-0.87%"
"2019-12-13","0.575","0.570","0.575","0.570","0.88%"
"2019-12-12","0.570","0.575","0.575","0.570","-0.87%"
"2019-12-11","0.575","0.580","0.580","0.575","-0.86%"
"2019-12-10","0.580","0.580","0.580","0.580","0.00%"